-- MySQL Script generated by MySQL Workbench
-- Sat Dec 10 17:39:32 2022
-- Model: New Model    Version: 1.0
-- MySQL Workbench Forward Engineering

SET @OLD_UNIQUE_CHECKS=@@UNIQUE_CHECKS, UNIQUE_CHECKS=0;
SET @OLD_FOREIGN_KEY_CHECKS=@@FOREIGN_KEY_CHECKS, FOREIGN_KEY_CHECKS=0;
SET @OLD_SQL_MODE=@@SQL_MODE, SQL_MODE='ONLY_FULL_GROUP_BY,STRICT_TRANS_TABLES,NO_ZERO_IN_DATE,NO_ZERO_DATE,ERROR_FOR_DIVISION_BY_ZERO,NO_ENGINE_SUBSTITUTION';

-- -----------------------------------------------------
-- Schema WORLD_CUP
-- -----------------------------------------------------

-- -----------------------------------------------------
-- Schema WORLD_CUP
-- -----------------------------------------------------
CREATE SCHEMA IF NOT EXISTS `WORLD_CUP` DEFAULT CHARACTER SET utf8 ;
USE `WORLD_CUP` ;

-- -----------------------------------------------------
-- Table `WORLD_CUP`.`Team`
-- -----------------------------------------------------
DROP TABLE IF EXISTS `WORLD_CUP`.`Team` ;

CREATE TABLE IF NOT EXISTS `WORLD_CUP`.`Team` (
  `id` INT NOT NULL AUTO_INCREMENT,
  `name` VARCHAR(45) NOT NULL,
  PRIMARY KEY (`id`),
  UNIQUE INDEX `id_UNIQUE` (`id` ASC) VISIBLE,
  UNIQUE INDEX `name_UNIQUE` (`name` ASC) VISIBLE)
ENGINE = InnoDB;


-- -----------------------------------------------------
-- Table `WORLD_CUP`.`Sport`
-- -----------------------------------------------------
DROP TABLE IF EXISTS `WORLD_CUP`.`Sport` ;

CREATE TABLE IF NOT EXISTS `WORLD_CUP`.`Sport` (
  `id` INT NOT NULL AUTO_INCREMENT,
  `name` VARCHAR(45) NOT NULL,
  PRIMARY KEY (`id`),
  UNIQUE INDEX `id_UNIQUE` (`id` ASC) VISIBLE)
ENGINE = InnoDB;


-- -----------------------------------------------------
-- Table `WORLD_CUP`.`Author`
-- -----------------------------------------------------
DROP TABLE IF EXISTS `WORLD_CUP`.`Author` ;

CREATE TABLE IF NOT EXISTS `WORLD_CUP`.`Author` (
  `id` INT NOT NULL AUTO_INCREMENT,
  `name` VARCHAR(45) NULL,
  PRIMARY KEY (`id`),
  UNIQUE INDEX `id_UNIQUE` (`id` ASC) VISIBLE)
ENGINE = InnoDB;


-- -----------------------------------------------------
-- Table `WORLD_CUP`.`Pet`
-- -----------------------------------------------------
DROP TABLE IF EXISTS `WORLD_CUP`.`Pet` ;

CREATE TABLE IF NOT EXISTS `WORLD_CUP`.`Pet` (
  `id` INT NOT NULL AUTO_INCREMENT,
  `name` VARCHAR(45) NULL,
  PRIMARY KEY (`id`),
  UNIQUE INDEX `id_UNIQUE` (`id` ASC) VISIBLE)
ENGINE = InnoDB;


-- -----------------------------------------------------
-- Table `WORLD_CUP`.`Region`
-- -----------------------------------------------------
DROP TABLE IF EXISTS `WORLD_CUP`.`Region` ;

CREATE TABLE IF NOT EXISTS `WORLD_CUP`.`Region` (
  `id` INT NOT NULL AUTO_INCREMENT,
  `name` VARCHAR(45) NULL,
  PRIMARY KEY (`id`),
  UNIQUE INDEX `id_UNIQUE` (`id` ASC) VISIBLE)
ENGINE = InnoDB;


-- -----------------------------------------------------
-- Table `WORLD_CUP`.`Host`
-- -----------------------------------------------------
DROP TABLE IF EXISTS `WORLD_CUP`.`Host` ;

CREATE TABLE IF NOT EXISTS `WORLD_CUP`.`Host` (
  `id` INT NOT NULL AUTO_INCREMENT,
  `name` VARCHAR(45) NOT NULL,
  `region` INT NOT NULL,
  PRIMARY KEY (`id`),
  UNIQUE INDEX `id_UNIQUE` (`id` ASC) VISIBLE,
  INDEX `region_idx` (`region` ASC) VISIBLE,
  CONSTRAINT `region`
    FOREIGN KEY (`region`)
    REFERENCES `WORLD_CUP`.`Region` (`id`)
    ON DELETE NO ACTION
    ON UPDATE NO ACTION)
ENGINE = InnoDB;


-- -----------------------------------------------------
-- Table `WORLD_CUP`.`Tournament`
-- -----------------------------------------------------
DROP TABLE IF EXISTS `WORLD_CUP`.`Tournament` ;

CREATE TABLE IF NOT EXISTS `WORLD_CUP`.`Tournament` (
  `id` INT NOT NULL AUTO_INCREMENT,
  `name` VARCHAR(45) NOT NULL,
  `start_date` DATE NOT NULL,
  `end_date` DATE NOT NULL,
  `sport` INT NOT NULL,
  `author` INT NOT NULL,
  `pet` INT NOT NULL,
  `host` INT NOT NULL,
  PRIMARY KEY (`id`),
  UNIQUE INDEX `id_UNIQUE` (`id` ASC) VISIBLE,
  INDEX `sport_idx` (`sport` ASC) VISIBLE,
  INDEX `Author_idx` (`author` ASC) VISIBLE,
  INDEX `pet_idx` (`pet` ASC) VISIBLE,
  INDEX `host_idx` (`host` ASC) VISIBLE,
  CONSTRAINT `sport`
    FOREIGN KEY (`sport`)
    REFERENCES `WORLD_CUP`.`Sport` (`id`)
    ON DELETE NO ACTION
    ON UPDATE NO ACTION,
  CONSTRAINT `Author`
    FOREIGN KEY (`author`)
    REFERENCES `WORLD_CUP`.`Author` (`id`)
    ON DELETE NO ACTION
    ON UPDATE NO ACTION,
  CONSTRAINT `pet`
    FOREIGN KEY (`pet`)
    REFERENCES `WORLD_CUP`.`Pet` (`id`)
    ON DELETE NO ACTION
    ON UPDATE NO ACTION,
  CONSTRAINT `host`
    FOREIGN KEY (`host`)
    REFERENCES `WORLD_CUP`.`Host` (`id`)
    ON DELETE NO ACTION
    ON UPDATE NO ACTION)
ENGINE = InnoDB;


-- -----------------------------------------------------
-- Table `WORLD_CUP`.`Matches`
-- -----------------------------------------------------
DROP TABLE IF EXISTS `WORLD_CUP`.`Matches` ;

CREATE TABLE IF NOT EXISTS `WORLD_CUP`.`Matches` (
  `id` INT NOT NULL AUTO_INCREMENT,
  `name` VARCHAR(45) NOT NULL,
  `tournament` INT NOT NULL,
  PRIMARY KEY (`id`),
  UNIQUE INDEX `id_UNIQUE` (`id` ASC) VISIBLE,
  INDEX `tournament_idx` (`tournament` ASC) VISIBLE,
  CONSTRAINT `tournament`
    FOREIGN KEY (`tournament`)
    REFERENCES `WORLD_CUP`.`Tournament` (`id`)
    ON DELETE NO ACTION
    ON UPDATE NO ACTION)
ENGINE = InnoDB;


-- -----------------------------------------------------
-- Table `WORLD_CUP`.`Clouster`
-- -----------------------------------------------------
DROP TABLE IF EXISTS `WORLD_CUP`.`Clouster` ;

CREATE TABLE IF NOT EXISTS `WORLD_CUP`.`Clouster` (
  `id` INT NOT NULL AUTO_INCREMENT,
  `name` VARCHAR(45) NOT NULL,
  `matches` INT NOT NULL,
  PRIMARY KEY (`id`),
  UNIQUE INDEX `id_UNIQUE` (`id` ASC) VISIBLE,
  UNIQUE INDEX `name_UNIQUE` (`name` ASC) VISIBLE,
  INDEX `matches_idx` (`matches` ASC) VISIBLE,
  CONSTRAINT `matches`
    FOREIGN KEY (`matches`)
    REFERENCES `WORLD_CUP`.`Matches` (`id`)
    ON DELETE NO ACTION
    ON UPDATE NO ACTION)
ENGINE = InnoDB;


-- -----------------------------------------------------
-- Table `WORLD_CUP`.`Stadium`
-- -----------------------------------------------------
DROP TABLE IF EXISTS `WORLD_CUP`.`Stadium` ;

CREATE TABLE IF NOT EXISTS `WORLD_CUP`.`Stadium` (
  `id` INT NOT NULL AUTO_INCREMENT,
  `name` VARCHAR(45) NULL,
  PRIMARY KEY (`id`),
  UNIQUE INDEX `id_UNIQUE` (`id` ASC) VISIBLE)
ENGINE = InnoDB;


-- -----------------------------------------------------
-- Table `WORLD_CUP`.`Match`
-- -----------------------------------------------------
DROP TABLE IF EXISTS `WORLD_CUP`.`Match` ;

CREATE TABLE IF NOT EXISTS `WORLD_CUP`.`Match` (
  `id` INT NOT NULL AUTO_INCREMENT,
  `team_a` INT NOT NULL,
  `team_b` INT NOT NULL,
  `date` DATE NOT NULL,
  `stadium` INT NOT NULL,
  `clouster` INT NOT NULL,
  PRIMARY KEY (`id`),
  UNIQUE INDEX `id_UNIQUE` (`id` ASC) VISIBLE,
  INDEX `team_a_idx` (`team_a` ASC) VISIBLE,
  INDEX `team_b_idx` (`team_b` ASC) VISIBLE,
  INDEX `stadium_idx` (`stadium` ASC) VISIBLE,
  INDEX `clouster_idx` (`clouster` ASC) VISIBLE,
  CONSTRAINT `team_a`
    FOREIGN KEY (`team_a`)
    REFERENCES `WORLD_CUP`.`Team` (`id`)
    ON DELETE NO ACTION
    ON UPDATE NO ACTION,
  CONSTRAINT `team_b`
    FOREIGN KEY (`team_b`)
    REFERENCES `WORLD_CUP`.`Team` (`id`)
    ON DELETE NO ACTION
    ON UPDATE NO ACTION,
  CONSTRAINT `stadium`
    FOREIGN KEY (`stadium`)
    REFERENCES `WORLD_CUP`.`Stadium` (`id`)
    ON DELETE NO ACTION
    ON UPDATE NO ACTION,
  CONSTRAINT `clouster`
    FOREIGN KEY (`clouster`)
    REFERENCES `WORLD_CUP`.`Clouster` (`id`)
    ON DELETE NO ACTION
    ON UPDATE NO ACTION)
ENGINE = InnoDB;


-- -----------------------------------------------------
-- Table `WORLD_CUP`.`Points`
-- -----------------------------------------------------
DROP TABLE IF EXISTS `WORLD_CUP`.`Points` ;

CREATE TABLE IF NOT EXISTS `WORLD_CUP`.`Points` (
  `id` INT NOT NULL AUTO_INCREMENT,
  `match` INT NOT NULL,
  `team` INT NOT NULL,
  `totalPoints` INT NOT NULL,
  PRIMARY KEY (`id`),
  UNIQUE INDEX `id_UNIQUE` (`id` ASC) VISIBLE,
  INDEX `match_idx` (`match` ASC) VISIBLE,
  INDEX `team_idx` (`team` ASC) VISIBLE,
  CONSTRAINT `match`
    FOREIGN KEY (`match`)
    REFERENCES `WORLD_CUP`.`Match` (`id`)
    ON DELETE NO ACTION
    ON UPDATE NO ACTION,
  CONSTRAINT `team`
    FOREIGN KEY (`team`)
    REFERENCES `WORLD_CUP`.`Team` (`id`)
    ON DELETE NO ACTION
    ON UPDATE NO ACTION)
ENGINE = InnoDB;


-- -----------------------------------------------------
-- Table `WORLD_CUP`.`Sponsors`
-- -----------------------------------------------------
DROP TABLE IF EXISTS `WORLD_CUP`.`Sponsors` ;

CREATE TABLE IF NOT EXISTS `WORLD_CUP`.`Sponsors` (
  `id` INT NOT NULL AUTO_INCREMENT,
  `name` VARCHAR(45) NOT NULL,
  PRIMARY KEY (`id`),
  UNIQUE INDEX `id_UNIQUE` (`id` ASC) VISIBLE)
ENGINE = InnoDB;


-- -----------------------------------------------------
-- Table `WORLD_CUP`.`Tournament_has_Host`
-- -----------------------------------------------------
DROP TABLE IF EXISTS `WORLD_CUP`.`Tournament_has_Host` ;

CREATE TABLE IF NOT EXISTS `WORLD_CUP`.`Tournament_has_Host` (
  `Tournament_id` INT NOT NULL,
  `Host_id` INT NOT NULL,
  PRIMARY KEY (`Tournament_id`, `Host_id`),
  INDEX `fk_Tournament_has_Host_Host1_idx` (`Host_id` ASC) VISIBLE,
  INDEX `fk_Tournament_has_Host_Tournament1_idx` (`Tournament_id` ASC) VISIBLE,
  CONSTRAINT `fk_Tournament_has_Host_Tournament1`
    FOREIGN KEY (`Tournament_id`)
    REFERENCES `WORLD_CUP`.`Tournament` (`id`)
    ON DELETE NO ACTION
    ON UPDATE NO ACTION,
  CONSTRAINT `fk_Tournament_has_Host_Host1`
    FOREIGN KEY (`Host_id`)
    REFERENCES `WORLD_CUP`.`Host` (`id`)
    ON DELETE NO ACTION
    ON UPDATE NO ACTION)
ENGINE = InnoDB;


-- -----------------------------------------------------
-- Table `WORLD_CUP`.`Tournament_has_Sponsors`
-- -----------------------------------------------------
DROP TABLE IF EXISTS `WORLD_CUP`.`Tournament_has_Sponsors` ;

CREATE TABLE IF NOT EXISTS `WORLD_CUP`.`Tournament_has_Sponsors` (
  `id` INT NOT NULL AUTO_INCREMENT,
  `Tournament_id` INT NOT NULL,
  `Sponsors_id` INT NOT NULL,
  PRIMARY KEY (`id`),
  INDEX `fk_Tournament_has_Sponsors_Sponsors1_idx` (`Sponsors_id` ASC) VISIBLE,
  INDEX `fk_Tournament_has_Sponsors_Tournament1_idx` (`Tournament_id` ASC) VISIBLE,
  UNIQUE INDEX `id_UNIQUE` (`id` ASC) VISIBLE,
  CONSTRAINT `fk_Tournament_has_Sponsors_Tournament1`
    FOREIGN KEY (`Tournament_id`)
    REFERENCES `WORLD_CUP`.`Tournament` (`id`)
    ON DELETE NO ACTION
    ON UPDATE NO ACTION,
  CONSTRAINT `fk_Tournament_has_Sponsors_Sponsors1`
    FOREIGN KEY (`Sponsors_id`)
    REFERENCES `WORLD_CUP`.`Sponsors` (`id`)
    ON DELETE NO ACTION
    ON UPDATE NO ACTION)
ENGINE = InnoDB;

USE `WORLD_CUP` ;

-- -----------------------------------------------------
-- Placeholder table for view `WORLD_CUP`.`Booklet`
-- -----------------------------------------------------
CREATE TABLE IF NOT EXISTS `WORLD_CUP`.`Booklet` (`Matches` INT, `"Group"` INT);

-- -----------------------------------------------------
-- Placeholder table for view `WORLD_CUP`.`List_tournament`
-- -----------------------------------------------------
CREATE TABLE IF NOT EXISTS `WORLD_CUP`.`List_tournament` (`tournament` INT, `sport` INT, `Author` INT, `startDate` INT, `finish` INT);

-- -----------------------------------------------------
-- Placeholder table for view `WORLD_CUP`.`Tournament_matches`
-- -----------------------------------------------------
CREATE TABLE IF NOT EXISTS `WORLD_CUP`.`Tournament_matches` (`name` INT, `matches` INT, `total` INT);

-- -----------------------------------------------------
-- Placeholder table for view `WORLD_CUP`.`Pets_list`
-- -----------------------------------------------------
CREATE TABLE IF NOT EXISTS `WORLD_CUP`.`Pets_list` (`tournament` INT, `PetName` INT, `start_date` INT);

-- -----------------------------------------------------
-- Placeholder table for view `WORLD_CUP`.`Match_detail`
-- -----------------------------------------------------
CREATE TABLE IF NOT EXISTS `WORLD_CUP`.`Match_detail` (`match_id` INT, `teamA` INT, `teamAPoints` INT, `teamB` INT, `teamBPoints` INT, `Match_date` INT);

-- -----------------------------------------------------
-- View `WORLD_CUP`.`Booklet`
-- -----------------------------------------------------
DROP TABLE IF EXISTS `WORLD_CUP`.`Booklet`;
DROP VIEW IF EXISTS `WORLD_CUP`.`Booklet` ;
USE `WORLD_CUP`;
CREATE  OR REPLACE VIEW `Booklet` AS 
select Matches.name as Matches, Clouster.name as "Group",
Match_detail.*
FROM Clouster
INNER JOIN Matches on Matches.id = Clouster.matches
INNER JOIN `Match` on `Match`.clouster = Clouster.id
INNER JOIN Match_detail on Match_detail.match_id = `Match`.id;

-- -----------------------------------------------------
-- View `WORLD_CUP`.`List_tournament`
-- -----------------------------------------------------
DROP TABLE IF EXISTS `WORLD_CUP`.`List_tournament`;
DROP VIEW IF EXISTS `WORLD_CUP`.`List_tournament` ;
USE `WORLD_CUP`;
CREATE  OR REPLACE VIEW `List_tournament` AS
select Tournament.name as tournament, Sport.name as sport, Author.name as Author, Tournament.start_date as startDate, Tournament.end_date as finish
From Tournament
inner join Sport on Tournament.sport = Sport.id
inner join Author on Tournament.author = Author.id;

-- -----------------------------------------------------
-- View `WORLD_CUP`.`Tournament_matches`
-- -----------------------------------------------------
DROP TABLE IF EXISTS `WORLD_CUP`.`Tournament_matches`;
DROP VIEW IF EXISTS `WORLD_CUP`.`Tournament_matches` ;
USE `WORLD_CUP`;
CREATE  OR REPLACE VIEW `Tournament_matches` AS
select Tournament.name, group_concat(Matches.name) as matches, count(*) as total
from Matches
inner join Tournament on Tournament.id = Matches.tournament
group by Tournament.name;

-- -----------------------------------------------------
-- View `WORLD_CUP`.`Pets_list`
-- -----------------------------------------------------
DROP TABLE IF EXISTS `WORLD_CUP`.`Pets_list`;
DROP VIEW IF EXISTS `WORLD_CUP`.`Pets_list` ;
USE `WORLD_CUP`;
CREATE  OR REPLACE VIEW `Pets_list` AS
select Tournament.name as tournament, Pet.name as PetName, Tournament.start_date  
from Tournament
inner join Pet ON Pet.id = Tournament.pet;

-- -----------------------------------------------------
-- View `WORLD_CUP`.`Match_detail`
-- -----------------------------------------------------
DROP TABLE IF EXISTS `WORLD_CUP`.`Match_detail`;
DROP VIEW IF EXISTS `WORLD_CUP`.`Match_detail` ;
USE `WORLD_CUP`;
CREATE  OR REPLACE VIEW `Match_detail` AS
select `Match`.id as match_id, 
TeamA.name as teamA, PointA.totalPoints as teamAPoints,
TeamB.name as teamB, PointB.totalPoints as teamBPoints,
date as Match_date 
From `Match` 
inner join Team as TeamA on `Match`.team_a = TeamA.id 
inner join Team as TeamB on `Match`.team_b = TeamB.id 
inner join Points as PointA on `Match`.id = PointA.match and TeamA.id = PointA.team 
inner join Points as PointB on `Match`.id = PointB.match
and TeamB.id = PointB.team
order by `Match`.date;

SET SQL_MODE=@OLD_SQL_MODE;
SET FOREIGN_KEY_CHECKS=@OLD_FOREIGN_KEY_CHECKS;
SET UNIQUE_CHECKS=@OLD_UNIQUE_CHECKS;

-- -----------------------------------------------------
-- Data for table `WORLD_CUP`.`Team`
-- -----------------------------------------------------
START TRANSACTION;
USE `WORLD_CUP`;
INSERT INTO `WORLD_CUP`.`Team` (`id`, `name`) VALUES (1, 'Netherlands');
INSERT INTO `WORLD_CUP`.`Team` (`id`, `name`) VALUES (2, 'Senegal');
INSERT INTO `WORLD_CUP`.`Team` (`id`, `name`) VALUES (3, 'Ecuador');
INSERT INTO `WORLD_CUP`.`Team` (`id`, `name`) VALUES (4, 'Qatar');
INSERT INTO `WORLD_CUP`.`Team` (`id`, `name`) VALUES (5, 'England');
INSERT INTO `WORLD_CUP`.`Team` (`id`, `name`) VALUES (6, 'USA');
INSERT INTO `WORLD_CUP`.`Team` (`id`, `name`) VALUES (8, 'Iran');
INSERT INTO `WORLD_CUP`.`Team` (`id`, `name`) VALUES (9, 'Wales');
INSERT INTO `WORLD_CUP`.`Team` (`id`, `name`) VALUES (10, 'Argentina');
INSERT INTO `WORLD_CUP`.`Team` (`id`, `name`) VALUES (11, 'Poland');
INSERT INTO `WORLD_CUP`.`Team` (`id`, `name`) VALUES (12, 'Mexico');
INSERT INTO `WORLD_CUP`.`Team` (`id`, `name`) VALUES (13, 'Saudi Arabia');
INSERT INTO `WORLD_CUP`.`Team` (`id`, `name`) VALUES (14, 'France');
INSERT INTO `WORLD_CUP`.`Team` (`id`, `name`) VALUES (15, 'Australia');
INSERT INTO `WORLD_CUP`.`Team` (`id`, `name`) VALUES (16, 'Tunisia');
INSERT INTO `WORLD_CUP`.`Team` (`id`, `name`) VALUES (17, 'Denamark');
INSERT INTO `WORLD_CUP`.`Team` (`id`, `name`) VALUES (18, 'Japan');
INSERT INTO `WORLD_CUP`.`Team` (`id`, `name`) VALUES (19, 'Germany');
INSERT INTO `WORLD_CUP`.`Team` (`id`, `name`) VALUES (20, 'Costa Rica');
INSERT INTO `WORLD_CUP`.`Team` (`id`, `name`) VALUES (21, 'Morocco');
INSERT INTO `WORLD_CUP`.`Team` (`id`, `name`) VALUES (22, 'Croatia');
INSERT INTO `WORLD_CUP`.`Team` (`id`, `name`) VALUES (23, 'Belgium');
INSERT INTO `WORLD_CUP`.`Team` (`id`, `name`) VALUES (24, 'Canada');
INSERT INTO `WORLD_CUP`.`Team` (`id`, `name`) VALUES (25, 'Brazil');
INSERT INTO `WORLD_CUP`.`Team` (`id`, `name`) VALUES (26, 'Switzeland');
INSERT INTO `WORLD_CUP`.`Team` (`id`, `name`) VALUES (27, 'Cameroon');
INSERT INTO `WORLD_CUP`.`Team` (`id`, `name`) VALUES (28, 'Serbia');
INSERT INTO `WORLD_CUP`.`Team` (`id`, `name`) VALUES (29, 'Portugal');
INSERT INTO `WORLD_CUP`.`Team` (`id`, `name`) VALUES (30, 'Suth Korea');
INSERT INTO `WORLD_CUP`.`Team` (`id`, `name`) VALUES (31, 'Ghana');
INSERT INTO `WORLD_CUP`.`Team` (`id`, `name`) VALUES (32, 'Spain');
INSERT INTO `WORLD_CUP`.`Team` (`id`, `name`) VALUES (33, 'Uruguay');

COMMIT;


-- -----------------------------------------------------
-- Data for table `WORLD_CUP`.`Sport`
-- -----------------------------------------------------
START TRANSACTION;
USE `WORLD_CUP`;
INSERT INTO `WORLD_CUP`.`Sport` (`id`, `name`) VALUES (DEFAULT, 'soccer');
INSERT INTO `WORLD_CUP`.`Sport` (`id`, `name`) VALUES (DEFAULT, 'cycling');
INSERT INTO `WORLD_CUP`.`Sport` (`id`, `name`) VALUES (DEFAULT, 'tennis');
INSERT INTO `WORLD_CUP`.`Sport` (`id`, `name`) VALUES (DEFAULT, 'boxing');
INSERT INTO `WORLD_CUP`.`Sport` (`id`, `name`) VALUES (DEFAULT, 'shooting');
INSERT INTO `WORLD_CUP`.`Sport` (`id`, `name`) VALUES (DEFAULT, 'equestrian jumping ');
INSERT INTO `WORLD_CUP`.`Sport` (`id`, `name`) VALUES (DEFAULT, 'sailing');
INSERT INTO `WORLD_CUP`.`Sport` (`id`, `name`) VALUES (DEFAULT, 'judo');
INSERT INTO `WORLD_CUP`.`Sport` (`id`, `name`) VALUES (DEFAULT, 'golf ');
INSERT INTO `WORLD_CUP`.`Sport` (`id`, `name`) VALUES (DEFAULT, 'swimming');

COMMIT;


-- -----------------------------------------------------
-- Data for table `WORLD_CUP`.`Author`
-- -----------------------------------------------------
START TRANSACTION;
USE `WORLD_CUP`;
INSERT INTO `WORLD_CUP`.`Author` (`id`, `name`) VALUES (DEFAULT, 'FIFA');
INSERT INTO `WORLD_CUP`.`Author` (`id`, `name`) VALUES (DEFAULT, 'CAF');
INSERT INTO `WORLD_CUP`.`Author` (`id`, `name`) VALUES (DEFAULT, 'CONCACAF');
INSERT INTO `WORLD_CUP`.`Author` (`id`, `name`) VALUES (DEFAULT, 'CONMEBOL');
INSERT INTO `WORLD_CUP`.`Author` (`id`, `name`) VALUES (DEFAULT, 'OFC');
INSERT INTO `WORLD_CUP`.`Author` (`id`, `name`) VALUES (DEFAULT, 'UEFA');
INSERT INTO `WORLD_CUP`.`Author` (`id`, `name`) VALUES (DEFAULT, 'NON_FIFA');
INSERT INTO `WORLD_CUP`.`Author` (`id`, `name`) VALUES (DEFAULT, 'EA');
INSERT INTO `WORLD_CUP`.`Author` (`id`, `name`) VALUES (DEFAULT, 'PRESIDENT CUP');
INSERT INTO `WORLD_CUP`.`Author` (`id`, `name`) VALUES (DEFAULT, 'AFC');

COMMIT;


-- -----------------------------------------------------
-- Data for table `WORLD_CUP`.`Pet`
-- -----------------------------------------------------
START TRANSACTION;
USE `WORLD_CUP`;
INSERT INTO `WORLD_CUP`.`Pet` (`id`, `name`) VALUES (DEFAULT, 'Pique');
INSERT INTO `WORLD_CUP`.`Pet` (`id`, `name`) VALUES (DEFAULT, 'Ciao');
INSERT INTO `WORLD_CUP`.`Pet` (`id`, `name`) VALUES (DEFAULT, 'Striker, the World Cup Pup');
INSERT INTO `WORLD_CUP`.`Pet` (`id`, `name`) VALUES (DEFAULT, 'Footix');
INSERT INTO `WORLD_CUP`.`Pet` (`id`, `name`) VALUES (DEFAULT, 'The Spheriks');
INSERT INTO `WORLD_CUP`.`Pet` (`id`, `name`) VALUES (DEFAULT, 'Goleo VI');
INSERT INTO `WORLD_CUP`.`Pet` (`id`, `name`) VALUES (DEFAULT, 'Zakumi');
INSERT INTO `WORLD_CUP`.`Pet` (`id`, `name`) VALUES (DEFAULT, 'Fuleco');
INSERT INTO `WORLD_CUP`.`Pet` (`id`, `name`) VALUES (DEFAULT, 'Zabivaka');
INSERT INTO `WORLD_CUP`.`Pet` (`id`, `name`) VALUES (DEFAULT, 'La’eeb');

COMMIT;


-- -----------------------------------------------------
-- Data for table `WORLD_CUP`.`Region`
-- -----------------------------------------------------
START TRANSACTION;
USE `WORLD_CUP`;
INSERT INTO `WORLD_CUP`.`Region` (`id`, `name`) VALUES (1, 'Norteamérica');
INSERT INTO `WORLD_CUP`.`Region` (`id`, `name`) VALUES (2, 'Sudamérica');
INSERT INTO `WORLD_CUP`.`Region` (`id`, `name`) VALUES (3, 'América Central');
INSERT INTO `WORLD_CUP`.`Region` (`id`, `name`) VALUES (4, 'el Caribe');
INSERT INTO `WORLD_CUP`.`Region` (`id`, `name`) VALUES (5, 'Asia Central');
INSERT INTO `WORLD_CUP`.`Region` (`id`, `name`) VALUES (6, 'Asia Meridional');
INSERT INTO `WORLD_CUP`.`Region` (`id`, `name`) VALUES (7, 'Noreste Asiático');
INSERT INTO `WORLD_CUP`.`Region` (`id`, `name`) VALUES (8, 'Sudeste Asiático');
INSERT INTO `WORLD_CUP`.`Region` (`id`, `name`) VALUES (9, 'Australia');
INSERT INTO `WORLD_CUP`.`Region` (`id`, `name`) VALUES (10, 'Oceanía');
INSERT INTO `WORLD_CUP`.`Region` (`id`, `name`) VALUES (11, 'Oriente Medio');
INSERT INTO `WORLD_CUP`.`Region` (`id`, `name`) VALUES (12, 'Norte de África');
INSERT INTO `WORLD_CUP`.`Region` (`id`, `name`) VALUES (13, 'Sur de África');
INSERT INTO `WORLD_CUP`.`Region` (`id`, `name`) VALUES (14, 'Europa del Norte');
INSERT INTO `WORLD_CUP`.`Region` (`id`, `name`) VALUES (15, 'Europa del Sur');
INSERT INTO `WORLD_CUP`.`Region` (`id`, `name`) VALUES (16, 'Europa del Este');
INSERT INTO `WORLD_CUP`.`Region` (`id`, `name`) VALUES (17, 'Europa Occidental');

COMMIT;


-- -----------------------------------------------------
-- Data for table `WORLD_CUP`.`Host`
-- -----------------------------------------------------
START TRANSACTION;
USE `WORLD_CUP`;
INSERT INTO `WORLD_CUP`.`Host` (`id`, `name`, `region`) VALUES (DEFAULT, '	Mexico', 1);
INSERT INTO `WORLD_CUP`.`Host` (`id`, `name`, `region`) VALUES (DEFAULT, 'Italy', 15);
INSERT INTO `WORLD_CUP`.`Host` (`id`, `name`, `region`) VALUES (DEFAULT, 'United States', 1);
INSERT INTO `WORLD_CUP`.`Host` (`id`, `name`, `region`) VALUES (DEFAULT, 'France', 16);
INSERT INTO `WORLD_CUP`.`Host` (`id`, `name`, `region`) VALUES (DEFAULT, 'South Korea', 8);
INSERT INTO `WORLD_CUP`.`Host` (`id`, `name`, `region`) VALUES (DEFAULT, 'Germany', 17);
INSERT INTO `WORLD_CUP`.`Host` (`id`, `name`, `region`) VALUES (DEFAULT, 'South Africa', 13);
INSERT INTO `WORLD_CUP`.`Host` (`id`, `name`, `region`) VALUES (DEFAULT, 'Brazil', 2);
INSERT INTO `WORLD_CUP`.`Host` (`id`, `name`, `region`) VALUES (DEFAULT, 'Russia', 16);
INSERT INTO `WORLD_CUP`.`Host` (`id`, `name`, `region`) VALUES (DEFAULT, 'Qatar', 11);

COMMIT;


-- -----------------------------------------------------
-- Data for table `WORLD_CUP`.`Tournament`
-- -----------------------------------------------------
START TRANSACTION;
USE `WORLD_CUP`;
INSERT INTO `WORLD_CUP`.`Tournament` (`id`, `name`, `start_date`, `end_date`, `sport`, `author`, `pet`, `host`) VALUES (1, 'FIFA World Cup', '2022-11-20', '2022-12-18', 1, 1, 10, 10);
INSERT INTO `WORLD_CUP`.`Tournament` (`id`, `name`, `start_date`, `end_date`, `sport`, `author`, `pet`, `host`) VALUES (2, 'FIFA World Cup', '2018-01-01', '2018-01-01', 1, 1, 9, 9);
INSERT INTO `WORLD_CUP`.`Tournament` (`id`, `name`, `start_date`, `end_date`, `sport`, `author`, `pet`, `host`) VALUES (3, 'FIFA World Cup', '2014-01-01', '2014-01-01', 1, 1, 8, 8);
INSERT INTO `WORLD_CUP`.`Tournament` (`id`, `name`, `start_date`, `end_date`, `sport`, `author`, `pet`, `host`) VALUES (4, 'FIFA World Cup', '2010-01-01', '2010-01-01', 1, 1, 7, 7);
INSERT INTO `WORLD_CUP`.`Tournament` (`id`, `name`, `start_date`, `end_date`, `sport`, `author`, `pet`, `host`) VALUES (5, 'FIFA World Cup', '2006-01-01', '20-06-01-01', 1, 1, 6, 6);
INSERT INTO `WORLD_CUP`.`Tournament` (`id`, `name`, `start_date`, `end_date`, `sport`, `author`, `pet`, `host`) VALUES (6, 'FIFA World Cup', '2002-01-01', '20-02-01-01', 1, 1, 5, 5);
INSERT INTO `WORLD_CUP`.`Tournament` (`id`, `name`, `start_date`, `end_date`, `sport`, `author`, `pet`, `host`) VALUES (7, 'FIFA World Cup', '1998-01-01', '1998-01-01', 1, 1, 4, 4);
INSERT INTO `WORLD_CUP`.`Tournament` (`id`, `name`, `start_date`, `end_date`, `sport`, `author`, `pet`, `host`) VALUES (8, 'FIFA World Cup', '1994-01-01', '1994-01-01', 1, 1, 3, 3);
INSERT INTO `WORLD_CUP`.`Tournament` (`id`, `name`, `start_date`, `end_date`, `sport`, `author`, `pet`, `host`) VALUES (9, 'FIFA World Cup', '1990-01-01', '1990-01-01', 1, 1, 2, 2);
INSERT INTO `WORLD_CUP`.`Tournament` (`id`, `name`, `start_date`, `end_date`, `sport`, `author`, `pet`, `host`) VALUES (10, 'FIFA World Cup', '1986-01-01', '1986-01-01', 1, 1, 1, 1);

COMMIT;


-- -----------------------------------------------------
-- Data for table `WORLD_CUP`.`Matches`
-- -----------------------------------------------------
START TRANSACTION;
USE `WORLD_CUP`;
INSERT INTO `WORLD_CUP`.`Matches` (`id`, `name`, `tournament`) VALUES (1, 'ranked', 1);
INSERT INTO `WORLD_CUP`.`Matches` (`id`, `name`, `tournament`) VALUES (2, 'round_of_eighth', 1);
INSERT INTO `WORLD_CUP`.`Matches` (`id`, `name`, `tournament`) VALUES (DEFAULT, 'quarterfinal', 1);
INSERT INTO `WORLD_CUP`.`Matches` (`id`, `name`, `tournament`) VALUES (DEFAULT, 'semifinal', 1);
INSERT INTO `WORLD_CUP`.`Matches` (`id`, `name`, `tournament`) VALUES (DEFAULT, 'third place', 1);
INSERT INTO `WORLD_CUP`.`Matches` (`id`, `name`, `tournament`) VALUES (DEFAULT, 'final', 1);

COMMIT;


-- -----------------------------------------------------
-- Data for table `WORLD_CUP`.`Clouster`
-- -----------------------------------------------------
START TRANSACTION;
USE `WORLD_CUP`;
INSERT INTO `WORLD_CUP`.`Clouster` (`id`, `name`, `matches`) VALUES (DEFAULT, 'a', 1);
INSERT INTO `WORLD_CUP`.`Clouster` (`id`, `name`, `matches`) VALUES (DEFAULT, 'b', 1);
INSERT INTO `WORLD_CUP`.`Clouster` (`id`, `name`, `matches`) VALUES (DEFAULT, 'c', 1);
INSERT INTO `WORLD_CUP`.`Clouster` (`id`, `name`, `matches`) VALUES (DEFAULT, 'd', 1);
INSERT INTO `WORLD_CUP`.`Clouster` (`id`, `name`, `matches`) VALUES (DEFAULT, 'e', 1);
INSERT INTO `WORLD_CUP`.`Clouster` (`id`, `name`, `matches`) VALUES (DEFAULT, 'f', 1);
INSERT INTO `WORLD_CUP`.`Clouster` (`id`, `name`, `matches`) VALUES (DEFAULT, 'g', 1);
INSERT INTO `WORLD_CUP`.`Clouster` (`id`, `name`, `matches`) VALUES (DEFAULT, 'h', 1);

COMMIT;


-- -----------------------------------------------------
-- Data for table `WORLD_CUP`.`Stadium`
-- -----------------------------------------------------
START TRANSACTION;
USE `WORLD_CUP`;
INSERT INTO `WORLD_CUP`.`Stadium` (`id`, `name`) VALUES (1, 'Lusail');
INSERT INTO `WORLD_CUP`.`Stadium` (`id`, `name`) VALUES (2, 'Al Bayt');
INSERT INTO `WORLD_CUP`.`Stadium` (`id`, `name`) VALUES (3, 'Al Janoub');
INSERT INTO `WORLD_CUP`.`Stadium` (`id`, `name`) VALUES (4, 'Ahmad Bin Ali');
INSERT INTO `WORLD_CUP`.`Stadium` (`id`, `name`) VALUES (5, 'Doha');
INSERT INTO `WORLD_CUP`.`Stadium` (`id`, `name`) VALUES (6, 'Khalifa International ');
INSERT INTO `WORLD_CUP`.`Stadium` (`id`, `name`) VALUES (7, 'Al Thumama');
INSERT INTO `WORLD_CUP`.`Stadium` (`id`, `name`) VALUES (8, 'xczv');

COMMIT;


-- -----------------------------------------------------
-- Data for table `WORLD_CUP`.`Match`
-- -----------------------------------------------------
START TRANSACTION;
USE `WORLD_CUP`;
INSERT INTO `WORLD_CUP`.`Match` (`id`, `team_a`, `team_b`, `date`, `stadium`, `clouster`) VALUES (DEFAULT, 4, 3, '2022-11-20', 2, 1);
INSERT INTO `WORLD_CUP`.`Match` (`id`, `team_a`, `team_b`, `date`, `stadium`, `clouster`) VALUES (DEFAULT, 2, 1, '2022-11-21', 6, 1);
INSERT INTO `WORLD_CUP`.`Match` (`id`, `team_a`, `team_b`, `date`, `stadium`, `clouster`) VALUES (DEFAULT, 2, 4, '2022-11-25', 7, 1);
INSERT INTO `WORLD_CUP`.`Match` (`id`, `team_a`, `team_b`, `date`, `stadium`, `clouster`) VALUES (DEFAULT, 1, 3, '2022-11-25', 4, 1);
INSERT INTO `WORLD_CUP`.`Match` (`id`, `team_a`, `team_b`, `date`, `stadium`, `clouster`) VALUES (DEFAULT, 3, 2, '2022-11-29', 1, 1);
INSERT INTO `WORLD_CUP`.`Match` (`id`, `team_a`, `team_b`, `date`, `stadium`, `clouster`) VALUES (DEFAULT, 1, 4, '2022-11-29', 5, 1);
INSERT INTO `WORLD_CUP`.`Match` (`id`, `team_a`, `team_b`, `date`, `stadium`, `clouster`) VALUES (DEFAULT, 5, 8, '2022-11-21', 5, 2);
INSERT INTO `WORLD_CUP`.`Match` (`id`, `team_a`, `team_b`, `date`, `stadium`, `clouster`) VALUES (DEFAULT, 6, 9, '2022-11-21', 2, 2);
INSERT INTO `WORLD_CUP`.`Match` (`id`, `team_a`, `team_b`, `date`, `stadium`, `clouster`) VALUES (DEFAULT, 9, 8, '2022-11-25', 4, 2);
INSERT INTO `WORLD_CUP`.`Match` (`id`, `team_a`, `team_b`, `date`, `stadium`, `clouster`) VALUES (DEFAULT, 5, 6, '2022-11-25', 1, 2);
INSERT INTO `WORLD_CUP`.`Match` (`id`, `team_a`, `team_b`, `date`, `stadium`, `clouster`) VALUES (DEFAULT, 9, 5, '2022-11-29', 5, 2);
INSERT INTO `WORLD_CUP`.`Match` (`id`, `team_a`, `team_b`, `date`, `stadium`, `clouster`) VALUES (DEFAULT, 8, 6, '2022-11-29', 1, 2);
INSERT INTO `WORLD_CUP`.`Match` (`id`, `team_a`, `team_b`, `date`, `stadium`, `clouster`) VALUES (DEFAULT, 10, 13, '2022-11-22', 5, 3);
INSERT INTO `WORLD_CUP`.`Match` (`id`, `team_a`, `team_b`, `date`, `stadium`, `clouster`) VALUES (DEFAULT, 12, 11, '2022-11-22', 2, 3);
INSERT INTO `WORLD_CUP`.`Match` (`id`, `team_a`, `team_b`, `date`, `stadium`, `clouster`) VALUES (DEFAULT, 11, 13, '2022-11-26', 3, 3);
INSERT INTO `WORLD_CUP`.`Match` (`id`, `team_a`, `team_b`, `date`, `stadium`, `clouster`) VALUES (DEFAULT, 10, 12, '2022-11-26', 6, 3);
INSERT INTO `WORLD_CUP`.`Match` (`id`, `team_a`, `team_b`, `date`, `stadium`, `clouster`) VALUES (DEFAULT, 11, 10, '2022-11-30', 3, 3);
INSERT INTO `WORLD_CUP`.`Match` (`id`, `team_a`, `team_b`, `date`, `stadium`, `clouster`) VALUES (DEFAULT, 13, 12, '2022-11-30', 2, 3);
INSERT INTO `WORLD_CUP`.`Match` (`id`, `team_a`, `team_b`, `date`, `stadium`, `clouster`) VALUES (DEFAULT, 17, 16, '2022-11-22', 6, 4);
INSERT INTO `WORLD_CUP`.`Match` (`id`, `team_a`, `team_b`, `date`, `stadium`, `clouster`) VALUES (DEFAULT, 14, 15, '2022-11-22', 2, 4);
INSERT INTO `WORLD_CUP`.`Match` (`id`, `team_a`, `team_b`, `date`, `stadium`, `clouster`) VALUES (DEFAULT, 16, 15, '2022-11-26', 4, 4);
INSERT INTO `WORLD_CUP`.`Match` (`id`, `team_a`, `team_b`, `date`, `stadium`, `clouster`) VALUES (DEFAULT, 14, 17, '2022-11-26', 2, 4);
INSERT INTO `WORLD_CUP`.`Match` (`id`, `team_a`, `team_b`, `date`, `stadium`, `clouster`) VALUES (DEFAULT, 15, 17, '2022-11-30', 1, 4);
INSERT INTO `WORLD_CUP`.`Match` (`id`, `team_a`, `team_b`, `date`, `stadium`, `clouster`) VALUES (DEFAULT, 16, 14, '2022-11-30', 3, 4);
INSERT INTO `WORLD_CUP`.`Match` (`id`, `team_a`, `team_b`, `date`, `stadium`, `clouster`) VALUES (DEFAULT, 19, 18, '2022-11-23', 4, 5);
INSERT INTO `WORLD_CUP`.`Match` (`id`, `team_a`, `team_b`, `date`, `stadium`, `clouster`) VALUES (DEFAULT, 32, 20, '2022-11-23', 5, 5);
INSERT INTO `WORLD_CUP`.`Match` (`id`, `team_a`, `team_b`, `date`, `stadium`, `clouster`) VALUES (DEFAULT, 32, 19, '2022-11-27', 5, 5);
INSERT INTO `WORLD_CUP`.`Match` (`id`, `team_a`, `team_b`, `date`, `stadium`, `clouster`) VALUES (DEFAULT, 18, 20, '2022-11-27', 6, 5);
INSERT INTO `WORLD_CUP`.`Match` (`id`, `team_a`, `team_b`, `date`, `stadium`, `clouster`) VALUES (DEFAULT, 20, 19, '2022-12-01', 1, 5);
INSERT INTO `WORLD_CUP`.`Match` (`id`, `team_a`, `team_b`, `date`, `stadium`, `clouster`) VALUES (DEFAULT, 18, 32, '2022-12-01', 3, 5);
INSERT INTO `WORLD_CUP`.`Match` (`id`, `team_a`, `team_b`, `date`, `stadium`, `clouster`) VALUES (DEFAULT, 21, 22, '2022-11-23', 4, 6);
INSERT INTO `WORLD_CUP`.`Match` (`id`, `team_a`, `team_b`, `date`, `stadium`, `clouster`) VALUES (DEFAULT, 23, 24, '2022-11-23', 2, 6);
INSERT INTO `WORLD_CUP`.`Match` (`id`, `team_a`, `team_b`, `date`, `stadium`, `clouster`) VALUES (DEFAULT, 23, 21, '2022-11-27', 5, 6);
INSERT INTO `WORLD_CUP`.`Match` (`id`, `team_a`, `team_b`, `date`, `stadium`, `clouster`) VALUES (DEFAULT, 22, 24, '2022-11-27', 1, 6);
INSERT INTO `WORLD_CUP`.`Match` (`id`, `team_a`, `team_b`, `date`, `stadium`, `clouster`) VALUES (DEFAULT, 24, 21, '2022-12-01', 4, 6);
INSERT INTO `WORLD_CUP`.`Match` (`id`, `team_a`, `team_b`, `date`, `stadium`, `clouster`) VALUES (DEFAULT, 22, 23, '2022-12-01', 1, 6);
INSERT INTO `WORLD_CUP`.`Match` (`id`, `team_a`, `team_b`, `date`, `stadium`, `clouster`) VALUES (DEFAULT, 26, 27, '2022-11-24', 3, 7);
INSERT INTO `WORLD_CUP`.`Match` (`id`, `team_a`, `team_b`, `date`, `stadium`, `clouster`) VALUES (DEFAULT, 25, 28, '2022-11-24', 5, 7);
INSERT INTO `WORLD_CUP`.`Match` (`id`, `team_a`, `team_b`, `date`, `stadium`, `clouster`) VALUES (DEFAULT, 27, 28, '2022-11-28', 2, 7);
INSERT INTO `WORLD_CUP`.`Match` (`id`, `team_a`, `team_b`, `date`, `stadium`, `clouster`) VALUES (DEFAULT, 25, 26, '2022-11-28', 5, 7);
INSERT INTO `WORLD_CUP`.`Match` (`id`, `team_a`, `team_b`, `date`, `stadium`, `clouster`) VALUES (DEFAULT, 28, 26, '2022-12-02', 2, 7);
INSERT INTO `WORLD_CUP`.`Match` (`id`, `team_a`, `team_b`, `date`, `stadium`, `clouster`) VALUES (DEFAULT, 27, 25, '2022-12-02', 5, 7);
INSERT INTO `WORLD_CUP`.`Match` (`id`, `team_a`, `team_b`, `date`, `stadium`, `clouster`) VALUES (DEFAULT, 33, 30, '2022-11-24', 1, 8);
INSERT INTO `WORLD_CUP`.`Match` (`id`, `team_a`, `team_b`, `date`, `stadium`, `clouster`) VALUES (DEFAULT, 29, 31, '2022-11-24', 4, 8);
INSERT INTO `WORLD_CUP`.`Match` (`id`, `team_a`, `team_b`, `date`, `stadium`, `clouster`) VALUES (DEFAULT, 30, 31, '2022-11-28', 2, 8);
INSERT INTO `WORLD_CUP`.`Match` (`id`, `team_a`, `team_b`, `date`, `stadium`, `clouster`) VALUES (DEFAULT, 29, 33, '2022-11-24', 4, 8);
INSERT INTO `WORLD_CUP`.`Match` (`id`, `team_a`, `team_b`, `date`, `stadium`, `clouster`) VALUES (DEFAULT, 31, 33, '2022-12-02', 1, 8);
INSERT INTO `WORLD_CUP`.`Match` (`id`, `team_a`, `team_b`, `date`, `stadium`, `clouster`) VALUES (DEFAULT, 30, 29, '2022-12-02', 2, 8);

COMMIT;


-- -----------------------------------------------------
-- Data for table `WORLD_CUP`.`Points`
-- -----------------------------------------------------
START TRANSACTION;
USE `WORLD_CUP`;
INSERT INTO `WORLD_CUP`.`Points` (`id`, `match`, `team`, `totalPoints`) VALUES (DEFAULT, 1, 4, 0);
INSERT INTO `WORLD_CUP`.`Points` (`id`, `match`, `team`, `totalPoints`) VALUES (DEFAULT, 1, 3, 2);
INSERT INTO `WORLD_CUP`.`Points` (`id`, `match`, `team`, `totalPoints`) VALUES (DEFAULT, 2, 2, 0);
INSERT INTO `WORLD_CUP`.`Points` (`id`, `match`, `team`, `totalPoints`) VALUES (DEFAULT, 2, 1, 2);
INSERT INTO `WORLD_CUP`.`Points` (`id`, `match`, `team`, `totalPoints`) VALUES (DEFAULT, 3, 2, 3);
INSERT INTO `WORLD_CUP`.`Points` (`id`, `match`, `team`, `totalPoints`) VALUES (DEFAULT, 3, 4, 1);
INSERT INTO `WORLD_CUP`.`Points` (`id`, `match`, `team`, `totalPoints`) VALUES (DEFAULT, 4, 1, 1);
INSERT INTO `WORLD_CUP`.`Points` (`id`, `match`, `team`, `totalPoints`) VALUES (DEFAULT, 4, 3, 1);
INSERT INTO `WORLD_CUP`.`Points` (`id`, `match`, `team`, `totalPoints`) VALUES (DEFAULT, 5, 3, 1);
INSERT INTO `WORLD_CUP`.`Points` (`id`, `match`, `team`, `totalPoints`) VALUES (DEFAULT, 5, 2, 2);
INSERT INTO `WORLD_CUP`.`Points` (`id`, `match`, `team`, `totalPoints`) VALUES (DEFAULT, 6, 1, 2);
INSERT INTO `WORLD_CUP`.`Points` (`id`, `match`, `team`, `totalPoints`) VALUES (DEFAULT, 6, 4, 0);
INSERT INTO `WORLD_CUP`.`Points` (`id`, `match`, `team`, `totalPoints`) VALUES (DEFAULT, 7, 5, 6);
INSERT INTO `WORLD_CUP`.`Points` (`id`, `match`, `team`, `totalPoints`) VALUES (DEFAULT, 7, 8, 2);
INSERT INTO `WORLD_CUP`.`Points` (`id`, `match`, `team`, `totalPoints`) VALUES (DEFAULT, 8, 6, 1);
INSERT INTO `WORLD_CUP`.`Points` (`id`, `match`, `team`, `totalPoints`) VALUES (DEFAULT, 8, 9, 1);
INSERT INTO `WORLD_CUP`.`Points` (`id`, `match`, `team`, `totalPoints`) VALUES (DEFAULT, 9, 9, 0);
INSERT INTO `WORLD_CUP`.`Points` (`id`, `match`, `team`, `totalPoints`) VALUES (DEFAULT, 9, 8, 2);
INSERT INTO `WORLD_CUP`.`Points` (`id`, `match`, `team`, `totalPoints`) VALUES (DEFAULT, 10, 5, 0);
INSERT INTO `WORLD_CUP`.`Points` (`id`, `match`, `team`, `totalPoints`) VALUES (DEFAULT, 10, 6, 0);
INSERT INTO `WORLD_CUP`.`Points` (`id`, `match`, `team`, `totalPoints`) VALUES (DEFAULT, 11, 9, 0);
INSERT INTO `WORLD_CUP`.`Points` (`id`, `match`, `team`, `totalPoints`) VALUES (DEFAULT, 11, 5, 3);
INSERT INTO `WORLD_CUP`.`Points` (`id`, `match`, `team`, `totalPoints`) VALUES (DEFAULT, 12, 8, 0);
INSERT INTO `WORLD_CUP`.`Points` (`id`, `match`, `team`, `totalPoints`) VALUES (DEFAULT, 12, 6, 2);
INSERT INTO `WORLD_CUP`.`Points` (`id`, `match`, `team`, `totalPoints`) VALUES (DEFAULT, 13, 10, 1);
INSERT INTO `WORLD_CUP`.`Points` (`id`, `match`, `team`, `totalPoints`) VALUES (DEFAULT, 13, 13, 2);
INSERT INTO `WORLD_CUP`.`Points` (`id`, `match`, `team`, `totalPoints`) VALUES (DEFAULT, 14, 12, 0);
INSERT INTO `WORLD_CUP`.`Points` (`id`, `match`, `team`, `totalPoints`) VALUES (DEFAULT, 14, 11, 0);
INSERT INTO `WORLD_CUP`.`Points` (`id`, `match`, `team`, `totalPoints`) VALUES (DEFAULT, 15, 11, 2);
INSERT INTO `WORLD_CUP`.`Points` (`id`, `match`, `team`, `totalPoints`) VALUES (DEFAULT, 15, 13, 0);
INSERT INTO `WORLD_CUP`.`Points` (`id`, `match`, `team`, `totalPoints`) VALUES (DEFAULT, 16, 10, 2);
INSERT INTO `WORLD_CUP`.`Points` (`id`, `match`, `team`, `totalPoints`) VALUES (DEFAULT, 16, 12, 0);
INSERT INTO `WORLD_CUP`.`Points` (`id`, `match`, `team`, `totalPoints`) VALUES (DEFAULT, 17, 11, 0);
INSERT INTO `WORLD_CUP`.`Points` (`id`, `match`, `team`, `totalPoints`) VALUES (DEFAULT, 17, 10, 2);
INSERT INTO `WORLD_CUP`.`Points` (`id`, `match`, `team`, `totalPoints`) VALUES (DEFAULT, 18, 13, 1);
INSERT INTO `WORLD_CUP`.`Points` (`id`, `match`, `team`, `totalPoints`) VALUES (DEFAULT, 18, 12, 2);
INSERT INTO `WORLD_CUP`.`Points` (`id`, `match`, `team`, `totalPoints`) VALUES (DEFAULT, 19, 17, 0);
INSERT INTO `WORLD_CUP`.`Points` (`id`, `match`, `team`, `totalPoints`) VALUES (DEFAULT, 19, 16, 0);
INSERT INTO `WORLD_CUP`.`Points` (`id`, `match`, `team`, `totalPoints`) VALUES (DEFAULT, 20, 14, 4);
INSERT INTO `WORLD_CUP`.`Points` (`id`, `match`, `team`, `totalPoints`) VALUES (DEFAULT, 20, 15, 1);
INSERT INTO `WORLD_CUP`.`Points` (`id`, `match`, `team`, `totalPoints`) VALUES (DEFAULT, 21, 16, 0);
INSERT INTO `WORLD_CUP`.`Points` (`id`, `match`, `team`, `totalPoints`) VALUES (DEFAULT, 21, 15, 1);
INSERT INTO `WORLD_CUP`.`Points` (`id`, `match`, `team`, `totalPoints`) VALUES (DEFAULT, 22, 14, 2);
INSERT INTO `WORLD_CUP`.`Points` (`id`, `match`, `team`, `totalPoints`) VALUES (DEFAULT, 22, 17, 1);
INSERT INTO `WORLD_CUP`.`Points` (`id`, `match`, `team`, `totalPoints`) VALUES (DEFAULT, 23, 15, 1);
INSERT INTO `WORLD_CUP`.`Points` (`id`, `match`, `team`, `totalPoints`) VALUES (DEFAULT, 23, 17, 0);
INSERT INTO `WORLD_CUP`.`Points` (`id`, `match`, `team`, `totalPoints`) VALUES (DEFAULT, 24, 16, 1);
INSERT INTO `WORLD_CUP`.`Points` (`id`, `match`, `team`, `totalPoints`) VALUES (DEFAULT, 24, 14, 0);
INSERT INTO `WORLD_CUP`.`Points` (`id`, `match`, `team`, `totalPoints`) VALUES (DEFAULT, 25, 19, 1);
INSERT INTO `WORLD_CUP`.`Points` (`id`, `match`, `team`, `totalPoints`) VALUES (DEFAULT, 25, 18, 2);
INSERT INTO `WORLD_CUP`.`Points` (`id`, `match`, `team`, `totalPoints`) VALUES (DEFAULT, 26, 32, 7);
INSERT INTO `WORLD_CUP`.`Points` (`id`, `match`, `team`, `totalPoints`) VALUES (DEFAULT, 26, 20, 0);
INSERT INTO `WORLD_CUP`.`Points` (`id`, `match`, `team`, `totalPoints`) VALUES (DEFAULT, 27, 32, 1);
INSERT INTO `WORLD_CUP`.`Points` (`id`, `match`, `team`, `totalPoints`) VALUES (DEFAULT, 27, 19, 1);
INSERT INTO `WORLD_CUP`.`Points` (`id`, `match`, `team`, `totalPoints`) VALUES (DEFAULT, 28, 18, 0);
INSERT INTO `WORLD_CUP`.`Points` (`id`, `match`, `team`, `totalPoints`) VALUES (DEFAULT, 28, 20, 1);
INSERT INTO `WORLD_CUP`.`Points` (`id`, `match`, `team`, `totalPoints`) VALUES (DEFAULT, 29, 20, 2);
INSERT INTO `WORLD_CUP`.`Points` (`id`, `match`, `team`, `totalPoints`) VALUES (DEFAULT, 29, 19, 4);
INSERT INTO `WORLD_CUP`.`Points` (`id`, `match`, `team`, `totalPoints`) VALUES (DEFAULT, 30, 18, 2);
INSERT INTO `WORLD_CUP`.`Points` (`id`, `match`, `team`, `totalPoints`) VALUES (DEFAULT, 30, 32, 1);
INSERT INTO `WORLD_CUP`.`Points` (`id`, `match`, `team`, `totalPoints`) VALUES (DEFAULT, 31, 21, 0);
INSERT INTO `WORLD_CUP`.`Points` (`id`, `match`, `team`, `totalPoints`) VALUES (DEFAULT, 31, 22, 0);
INSERT INTO `WORLD_CUP`.`Points` (`id`, `match`, `team`, `totalPoints`) VALUES (DEFAULT, 32, 23, 1);
INSERT INTO `WORLD_CUP`.`Points` (`id`, `match`, `team`, `totalPoints`) VALUES (DEFAULT, 32, 24, 2);
INSERT INTO `WORLD_CUP`.`Points` (`id`, `match`, `team`, `totalPoints`) VALUES (DEFAULT, 33, 23, 0);
INSERT INTO `WORLD_CUP`.`Points` (`id`, `match`, `team`, `totalPoints`) VALUES (DEFAULT, 33, 21, 2);
INSERT INTO `WORLD_CUP`.`Points` (`id`, `match`, `team`, `totalPoints`) VALUES (DEFAULT, 34, 22, 4);
INSERT INTO `WORLD_CUP`.`Points` (`id`, `match`, `team`, `totalPoints`) VALUES (DEFAULT, 34, 24, 1);
INSERT INTO `WORLD_CUP`.`Points` (`id`, `match`, `team`, `totalPoints`) VALUES (DEFAULT, 35, 24, 1);
INSERT INTO `WORLD_CUP`.`Points` (`id`, `match`, `team`, `totalPoints`) VALUES (DEFAULT, 35, 21, 2);
INSERT INTO `WORLD_CUP`.`Points` (`id`, `match`, `team`, `totalPoints`) VALUES (DEFAULT, 36, 22, 0);
INSERT INTO `WORLD_CUP`.`Points` (`id`, `match`, `team`, `totalPoints`) VALUES (DEFAULT, 36, 23, 0);
INSERT INTO `WORLD_CUP`.`Points` (`id`, `match`, `team`, `totalPoints`) VALUES (DEFAULT, 37, 26, 1);
INSERT INTO `WORLD_CUP`.`Points` (`id`, `match`, `team`, `totalPoints`) VALUES (DEFAULT, 37, 27, 0);
INSERT INTO `WORLD_CUP`.`Points` (`id`, `match`, `team`, `totalPoints`) VALUES (DEFAULT, 38, 25, 2);
INSERT INTO `WORLD_CUP`.`Points` (`id`, `match`, `team`, `totalPoints`) VALUES (DEFAULT, 38, 28, 0);
INSERT INTO `WORLD_CUP`.`Points` (`id`, `match`, `team`, `totalPoints`) VALUES (DEFAULT, 39, 27, 3);
INSERT INTO `WORLD_CUP`.`Points` (`id`, `match`, `team`, `totalPoints`) VALUES (DEFAULT, 39, 28, 3);
INSERT INTO `WORLD_CUP`.`Points` (`id`, `match`, `team`, `totalPoints`) VALUES (DEFAULT, 40, 25, 1);
INSERT INTO `WORLD_CUP`.`Points` (`id`, `match`, `team`, `totalPoints`) VALUES (DEFAULT, 40, 26, 0);
INSERT INTO `WORLD_CUP`.`Points` (`id`, `match`, `team`, `totalPoints`) VALUES (DEFAULT, 41, 28, 2);
INSERT INTO `WORLD_CUP`.`Points` (`id`, `match`, `team`, `totalPoints`) VALUES (DEFAULT, 41, 26, 3);
INSERT INTO `WORLD_CUP`.`Points` (`id`, `match`, `team`, `totalPoints`) VALUES (DEFAULT, 42, 27, 1);
INSERT INTO `WORLD_CUP`.`Points` (`id`, `match`, `team`, `totalPoints`) VALUES (DEFAULT, 42, 25, 0);
INSERT INTO `WORLD_CUP`.`Points` (`id`, `match`, `team`, `totalPoints`) VALUES (DEFAULT, 43, 33, 0);
INSERT INTO `WORLD_CUP`.`Points` (`id`, `match`, `team`, `totalPoints`) VALUES (DEFAULT, 43, 30, 0);
INSERT INTO `WORLD_CUP`.`Points` (`id`, `match`, `team`, `totalPoints`) VALUES (DEFAULT, 44, 29, 3);
INSERT INTO `WORLD_CUP`.`Points` (`id`, `match`, `team`, `totalPoints`) VALUES (DEFAULT, 44, 31, 2);
INSERT INTO `WORLD_CUP`.`Points` (`id`, `match`, `team`, `totalPoints`) VALUES (DEFAULT, 45, 30, 2);
INSERT INTO `WORLD_CUP`.`Points` (`id`, `match`, `team`, `totalPoints`) VALUES (DEFAULT, 45, 31, 3);
INSERT INTO `WORLD_CUP`.`Points` (`id`, `match`, `team`, `totalPoints`) VALUES (DEFAULT, 46, 29, 2);
INSERT INTO `WORLD_CUP`.`Points` (`id`, `match`, `team`, `totalPoints`) VALUES (DEFAULT, 46, 33, 0);
INSERT INTO `WORLD_CUP`.`Points` (`id`, `match`, `team`, `totalPoints`) VALUES (DEFAULT, 47, 31, 0);
INSERT INTO `WORLD_CUP`.`Points` (`id`, `match`, `team`, `totalPoints`) VALUES (DEFAULT, 47, 33, 2);
INSERT INTO `WORLD_CUP`.`Points` (`id`, `match`, `team`, `totalPoints`) VALUES (DEFAULT, 48, 30, 2);
INSERT INTO `WORLD_CUP`.`Points` (`id`, `match`, `team`, `totalPoints`) VALUES (DEFAULT, 48, 29, 1);

COMMIT;


-- -----------------------------------------------------
-- Data for table `WORLD_CUP`.`Sponsors`
-- -----------------------------------------------------
START TRANSACTION;
USE `WORLD_CUP`;
INSERT INTO `WORLD_CUP`.`Sponsors` (`id`, `name`) VALUES (DEFAULT, 'Adidas');
INSERT INTO `WORLD_CUP`.`Sponsors` (`id`, `name`) VALUES (DEFAULT, 'Coca-Cola');
INSERT INTO `WORLD_CUP`.`Sponsors` (`id`, `name`) VALUES (DEFAULT, 'Wanda Group');
INSERT INTO `WORLD_CUP`.`Sponsors` (`id`, `name`) VALUES (DEFAULT, 'Hyundai ');
INSERT INTO `WORLD_CUP`.`Sponsors` (`id`, `name`) VALUES (DEFAULT, 'KIA');
INSERT INTO `WORLD_CUP`.`Sponsors` (`id`, `name`) VALUES (DEFAULT, 'Qatar Airways');
INSERT INTO `WORLD_CUP`.`Sponsors` (`id`, `name`) VALUES (DEFAULT, 'Visa');
INSERT INTO `WORLD_CUP`.`Sponsors` (`id`, `name`) VALUES (DEFAULT, 'Qatar Energy');
INSERT INTO `WORLD_CUP`.`Sponsors` (`id`, `name`) VALUES (DEFAULT, 'Hisense');
INSERT INTO `WORLD_CUP`.`Sponsors` (`id`, `name`) VALUES (DEFAULT, 'Vivo');

COMMIT;

